{"cameraMode":{"drawMode":0,"name":"Shaded","section":"Shading Mode"},"sceneLighting":false,"audioPlay":false,"sceneViewState":{"showFog":true,"showMaterialUpdate":false,"showSkybox":false,"showFlares":true,"showImageEffects":true,"showParticleSystems":true,"showVisualEffectGraphs":true,"m_FxEnabled":true},"in2DMode":false,"pivot":{"x":-0.000004291534423828125,"y":1.999999761581421,"z":0.000009059906005859375},"rotation":{"x":-0.10628633201122284,"y":-0.07719910889863968,"z":0.008270586840808392,"w":-0.9913132786750794},"size":8.727031707763672,"orthographic":false}