{"cameraMode":{"drawMode":0,"name":"Shaded","section":"Shading Mode"},"sceneLighting":false,"audioPlay":false,"sceneViewState":{"showFog":true,"showMaterialUpdate":false,"showSkybox":false,"showFlares":true,"showImageEffects":true,"showParticleSystems":true,"showVisualEffectGraphs":true,"m_FxEnabled":true},"in2DMode":false,"pivot":{"x":0.00000286102294921875,"y":1.999999761581421,"z":-1.1911107301712037},"rotation":{"x":-0.14082244038581849,"y":-0.016056271269917489,"z":0.0022818511351943018,"w":-0.9899124503135681},"size":7.9552507400512699,"orthographic":false}